{
  "assetsByChunkName": {
    "vendors~app-account~app-confirmation~app-order": "chunk.609c88424fbb5ca1d820.js",
    "vendors~app-account~app-checkout": "chunk.c8fa9a957112d2e503ee.js",
    "vendors~app-cart~app-checkout": "chunk.b8bc9c60a60c9880accf.js",
    "admin": [
      "admin.1eda599a06d1221f60f0.js",
      "admin.1eda599a06d1221f60f0.js.map"
    ],
    "app-account": "chunk.4f7bb2ad932cb24d4256.js",
    "app-checkout": "chunk.4f2f93f3860950bfc3b8.js",
    "app-confirmation": "chunk.43014a010e9b81d45220.js",
    "checkout": [
      "checkout.d207f6120e576721f3b8.js",
      "checkout.d207f6120e576721f3b8.js.map"
    ],
    "storefront": [
      "storefront.d74512fd42b920523b4a.css",
      "storefront.ef7b6f6631a1bde6b72f.js",
      "storefront.d74512fd42b920523b4a.css.map",
      "storefront.ef7b6f6631a1bde6b72f.js.map"
    ],
    "vendors~app-cart": "chunk.cad8d66762484b0eb36a.js",
    "vendors~app-order": "chunk.de38a695e2290d0d3bc6.js"
  }
}