{
  "sections": [
    {
      "type": "banner-slider",
      "autoplay": 5500,
      "full_width": true,
      "slides": [
        {
          "start": "",
          "end": "",
          "img": "/img/uploads/1-compra-desktop.png",
          "mobile_img": "/img/uploads/1-compra-mobile.png"
        },
        {
          "start": "",
          "end": "",
          "img": "/img/uploads/canecas-desktop.webp",
          "mobile_img": "/img/uploads/canecas-mobile.webp",
          "link": "https://ba71sublimacao.com.br/caneca-baianes"
        },
        {
          "start": "",
          "end": "",
          "img": "/img/uploads/caricatura-desktop.webp",
          "link": "https://ba71sublimacao.com.br/caricatura",
          "mobile_img": "/img/uploads/caricatura-mobile.webp"
        }
      ]
    },
    {
      "type": "info-bar",
      "enabled": true
    },
    {
      "type": "breadcrumbs",
      "enabled": true
    },
    {
      "type": "page-title"
    },
    {
      "type": "document-description",
      "enabled": true
    },
    {
      "type": "category-retail",
      "enabled": true,
      "sort": "news"
    }
  ]
}