{
  "description": {
    "title": "",
    "text": ""
  },
  "links_1": {
    "list_pages": true,
    "title": "• Saiba Mais •",
    "list": []
  },
  "links_2": {
    "list_categories": true,
    "title": "• Departamentos •",
    "list": []
  },
  "contacts": {
    "title": "• Atendimento •",
    "phone_wpp": true,
    "socials": true,
    "email": true,
    "address": true
  },
  "stamps": [
    {
      "src": "/img/uploads/ssl-safe.png",
      "alt": "Secure connection"
    },
    {
      "src": "/img/uploads/pix-bc-logo.png"
    }
  ],
  "payment_methods": {
    "bb": false,
    "visa": true,
    "boleto": false,
    "aura": false,
    "banrisul": false,
    "elo": true,
    "hipercard": true,
    "hsbc": false,
    "bradesco": false,
    "santander": false,
    "mastercard": true,
    "citibank": false,
    "hiper": false,
    "diners": false,
    "mais": false,
    "amex": true,
    "itau": false
  },
  "credits": ""
}