{
  "marketing_stripe": {
    "text": "",
    "link": " "
  },
  "contacts_stripe": {
    "pages": [
      {
        "title": "Dúvidas? Chama no ZAP!"
      }
    ],
    "phone_wpp": true,
    "socials": true
  },
  "categories_list": {
    "featured": [
      "/sobre-nos-ba71?SOBRE NÓS",
      "/caneca-colecoes?COLEÇÕES",
      "/caneca-caricatura-personalizada?CARICATURA",
      "/caneca-flork?FLORK",
      "/caneca-personalizados?PERSONALIZADOS"
    ],
    "random": 6,
    "full_width": true
  },
  "desktop_megamenu": false,
  "search_input": true,
  "alphabetical_order_submenu": true,
  "full_width_submenu": true
}