{
  "meta_title": "",
  "meta_description": "",
  "sections": [
    {
      "type": "banner-slider",
      "autoplay": 5500,
      "full_width": true,
      "slides": [
        {
          "start": "",
          "end": "",
          "img": "/img/uploads/1-compra-desktop.png",
          "mobile_img": "/img/uploads/1-compra-mobile.png"
        },
        {
          "start": "",
          "end": "",
          "img": "/img/uploads/canecas-personalizadas-criativas.png",
          "link": "https://ba71sublimacao.com.br/caneca-baianes",
          "mobile_img": "/img/uploads/canecas-personalizadas-criativas-mobile.png"
        },
        {
          "start": "",
          "end": "",
          "img": "/img/uploads/caricatura-desktop.webp",
          "link": "/caricatura",
          "mobile_img": "/img/uploads/caricatura-mobile.webp"
        }
      ]
    },
    {
      "type": "info-bar",
      "enabled": true
    },
    {
      "type": "collection-shelf",
      "shuffle": false,
      "limit": 12,
      "page": 1,
      "collection_id": "61e8433d0c7c72722516832e:categories:BAIANÊS:/caneca-baianes",
      "title": "Oxente! Somos Baianos, somos Barril Dobrado!"
    },
    {
      "type": "collection-shelf",
      "shuffle": false,
      "limit": 12,
      "page": 1,
      "collection_id": "61e845e30c7c727225168a89:categories:LGBTQIAPN+:/caneca-lgbtqiapn",
      "sort": "news",
      "title": "O Amor Aceita Todas as Cores"
    },
    {
      "page": 1,
      "title": "Coleção Nome Feminino",
      "shuffle": false,
      "headless": false,
      "type": "collection-shelf",
      "link": "",
      "limit": 12,
      "collection_id": "65a56b992cd6b6595902c5aa:categories:FEMININO:/caneca-alfabeto-feminino",
      "sort": "slug"
    },
    {
      "type": "collection-shelf",
      "shuffle": false,
      "limit": 12,
      "page": 1,
      "collection_id": "65a56bd82cd6b6595902c716:categories:INFANTIL:/caneca-alfabeto-infantil",
      "sort": "slug",
      "title": "Coleção Nome Infantil",
      "link": ""
    },
    {
      "type": "collection-shelf",
      "shuffle": false,
      "limit": 12,
      "page": 1,
      "collection_id": "65a56bc12cd6b6595902c67a:categories:MASCULINO:/caneca-alfabeto-masculino",
      "title": "Coleção Nome Masculino",
      "sort": "slug"
    },
    {
      "type": "dynamic-showcase",
      "load_more": true,
      "sort": "sales"
    }
  ]
}